snapshot_date,facility_id,medicine_id,quantity_on_hand,quantity_reserved,reorder_point,stock_status,avg_daily_dispensed_28d,days_of_stock_left,stock_coverage_band
2026-02-21,F001,C19_AG,224,0,70,Available,2.0714285714285716,108.13793103448275,>30 days
2026-02-21,F001,C19_O2,226,0,58,Available,2.5357142857142856,89.12676056338029,>30 days
2026-02-21,F001,C19_PPE,1071,0,63,Available,2.107142857142857,508.2711864406779,>30 days
2026-02-21,F001,GEN_ORZ,355,0,54,Available,3.0357142857142856,116.94117647058825,>30 days
2026-02-21,F001,GEN_PARA,611,0,52,Available,2.8214285714285716,216.55696202531644,>30 days
2026-02-21,F001,HIV_CPT,598,0,25,Available,2.5714285714285716,232.55555555555554,>30 days
2026-02-21,F001,HIV_TLD,706,0,46,Available,2.357142857142857,299.5151515151515,>30 days
2026-02-21,F001,MAL_ACT_AD,0,0,45,Out,8.25,0.0,<7 days
2026-02-21,F001,MAL_ACT_PD,209,0,29,Available,9.535714285714286,21.91760299625468,15–30 days
2026-02-21,F001,MAL_RDT,4,0,37,Low,9.857142857142858,0.40579710144927533,<7 days
2026-02-21,F002,C19_AG,880,0,74,Available,2.4642857142857144,357.1014492753623,>30 days
2026-02-21,F002,C19_O2,857,0,44,Available,2.107142857142857,406.7118644067796,>30 days
2026-02-21,F002,C19_PPE,344,0,39,Available,2.2142857142857144,155.3548387096774,>30 days
2026-02-21,F002,GEN_ORZ,590,0,40,Available,3.7857142857142856,155.8490566037736,>30 days
2026-02-21,F002,GEN_PARA,613,0,49,Available,3.7142857142857144,165.03846153846152,>30 days
2026-02-21,F002,HIV_CPT,638,0,27,Available,2.607142857142857,244.7123287671233,>30 days
2026-02-21,F002,HIV_TLD,849,0,37,Available,3.0,283.0,>30 days
2026-02-21,F002,MAL_ACT_AD,463,0,72,Available,6.071428571428571,76.25882352941177,>30 days
2026-02-21,F002,MAL_ACT_PD,67,0,78,Low,5.392857142857143,12.423841059602648,7–14 days
2026-02-21,F002,MAL_RDT,0,0,43,Out,6.607142857142857,0.0,<7 days
2026-02-21,F003,C19_AG,534,0,62,Available,1.3571428571428572,393.4736842105263,>30 days
2026-02-21,F003,C19_O2,1045,0,37,Available,1.7142857142857142,609.5833333333334,>30 days
2026-02-21,F003,C19_PPE,735,0,67,Available,1.8928571428571428,388.3018867924528,>30 days
2026-02-21,F003,GEN_ORZ,608,0,79,Available,3.6785714285714284,165.28155339805826,>30 days
2026-02-21,F003,GEN_PARA,470,0,74,Available,3.107142857142857,151.26436781609195,>30 days
2026-02-21,F003,HIV_CPT,735,0,29,Available,2.107142857142857,348.8135593220339,>30 days
2026-02-21,F003,HIV_TLD,268,0,55,Available,2.357142857142857,113.69696969696969,>30 days
2026-02-21,F003,MAL_ACT_AD,684,0,29,Available,4.464285714285714,153.216,>30 days
2026-02-21,F003,MAL_ACT_PD,321,0,46,Available,4.821428571428571,66.57777777777778,>30 days
2026-02-21,F003,MAL_RDT,866,0,62,Available,4.25,203.76470588235293,>30 days
2026-02-21,F004,C19_AG,855,0,50,Available,2.642857142857143,323.51351351351354,>30 days
2026-02-21,F004,C19_O2,1185,0,73,Available,1.8214285714285714,650.5882352941177,>30 days
2026-02-21,F004,C19_PPE,450,0,54,Available,2.142857142857143,210.0,>30 days
2026-02-21,F004,GEN_ORZ,175,0,34,Available,3.25,53.84615384615385,>30 days
2026-02-21,F004,GEN_PARA,733,0,28,Available,3.4642857142857144,211.58762886597938,>30 days
2026-02-21,F004,HIV_CPT,324,0,45,Available,2.857142857142857,113.39999999999999,>30 days
2026-02-21,F004,HIV_TLD,651,0,62,Available,2.107142857142857,308.9491525423729,>30 days
2026-02-21,F004,MAL_ACT_AD,378,0,56,Available,9.214285714285714,41.02325581395349,>30 days
2026-02-21,F004,MAL_ACT_PD,417,0,44,Available,8.714285714285714,47.852459016393446,>30 days
2026-02-21,F004,MAL_RDT,299,0,52,Available,8.964285714285714,33.354581673306775,>30 days
2026-02-21,F005,C19_AG,628,0,31,Available,2.4285714285714284,258.5882352941177,>30 days
2026-02-21,F005,C19_O2,704,0,55,Available,1.9642857142857142,358.40000000000003,>30 days
2026-02-21,F005,C19_PPE,344,0,50,Available,1.6428571428571428,209.3913043478261,>30 days
2026-02-21,F005,GEN_ORZ,621,0,43,Available,3.25,191.07692307692307,>30 days
2026-02-21,F005,GEN_PARA,510,0,61,Available,3.7857142857142856,134.7169811320755,>30 days
2026-02-21,F005,HIV_CPT,1032,0,40,Available,2.5714285714285716,401.3333333333333,>30 days
2026-02-21,F005,HIV_TLD,443,0,56,Available,2.107142857142857,210.23728813559322,>30 days
2026-02-21,F005,MAL_ACT_AD,226,0,54,Available,9.642857142857142,23.437037037037037,15–30 days
2026-02-21,F005,MAL_ACT_PD,515,0,75,Available,9.107142857142858,56.549019607843135,>30 days
2026-02-21,F005,MAL_RDT,508,0,64,Available,9.0,56.44444444444444,>30 days
2026-02-21,F006,C19_AG,1770,0,26,Available,3.4285714285714284,516.25,>30 days
2026-02-21,F006,C19_O2,1175,0,54,Available,3.607142857142857,325.74257425742576,>30 days
2026-02-21,F006,C19_PPE,1590,0,30,Available,3.3214285714285716,478.7096774193548,>30 days
2026-02-21,F006,GEN_ORZ,1174,0,54,Available,4.607142857142857,254.8217054263566,>30 days
2026-02-21,F006,GEN_PARA,631,0,43,Available,5.178571428571429,121.84827586206896,>30 days
2026-02-21,F006,HIV_CPT,1269,0,46,Available,4.535714285714286,279.7795275590551,>30 days
2026-02-21,F006,HIV_TLD,982,0,68,Available,5.535714285714286,177.39354838709679,>30 days
2026-02-21,F006,MAL_ACT_AD,792,0,50,Available,13.607142857142858,58.204724409448815,>30 days
2026-02-21,F006,MAL_ACT_PD,542,0,51,Available,13.107142857142858,41.35149863760218,>30 days
2026-02-21,F006,MAL_RDT,779,0,52,Available,14.035714285714286,55.50127226463104,>30 days
2026-02-21,F007,C19_AG,321,0,64,Available,3.107142857142857,103.3103448275862,>30 days
2026-02-21,F007,C19_O2,357,0,72,Available,2.75,129.8181818181818,>30 days
2026-02-21,F007,C19_PPE,582,0,66,Available,2.4285714285714284,239.64705882352942,>30 days
2026-02-21,F007,GEN_ORZ,618,0,43,Available,3.75,164.8,>30 days
2026-02-21,F007,GEN_PARA,293,0,72,Available,3.607142857142857,81.22772277227723,>30 days
2026-02-21,F007,HIV_CPT,793,0,49,Available,3.357142857142857,236.2127659574468,>30 days
2026-02-21,F007,HIV_TLD,593,0,57,Available,3.0714285714285716,193.06976744186045,>30 days
2026-02-21,F007,MAL_ACT_AD,580,0,29,Available,5.678571428571429,102.13836477987421,>30 days
2026-02-21,F007,MAL_ACT_PD,633,0,42,Available,5.857142857142857,108.07317073170732,>30 days
2026-02-21,F007,MAL_RDT,407,0,29,Available,5.821428571428571,69.91411042944786,>30 days
2026-02-21,F008,C19_AG,1434,0,70,Available,1.75,819.4285714285714,>30 days
2026-02-21,F008,C19_O2,2080,0,67,Available,2.1785714285714284,954.7540983606558,>30 days
2026-02-21,F008,C19_PPE,798,0,28,Available,3.0714285714285716,259.8139534883721,>30 days
2026-02-21,F008,GEN_ORZ,709,0,59,Available,4.714285714285714,150.39393939393938,>30 days
2026-02-21,F008,GEN_PARA,586,0,75,Available,5.214285714285714,112.38356164383562,>30 days
2026-02-21,F008,HIV_CPT,1640,0,73,Available,3.3214285714285716,493.76344086021504,>30 days
2026-02-21,F008,HIV_TLD,1103,0,68,Available,3.4642857142857144,318.39175257731955,>30 days
2026-02-21,F008,MAL_ACT_AD,720,0,46,Available,6.964285714285714,103.38461538461539,>30 days
2026-02-21,F008,MAL_ACT_PD,1671,0,79,Available,7.071428571428571,236.3030303030303,>30 days
2026-02-21,F008,MAL_RDT,710,0,34,Available,7.107142857142857,99.89949748743719,>30 days
2026-02-21,F009,C19_AG,156,0,27,Available,2.0357142857142856,76.63157894736842,>30 days
2026-02-21,F009,C19_O2,1056,0,56,Available,2.0357142857142856,518.7368421052632,>30 days
2026-02-21,F009,C19_PPE,532,0,53,Available,2.25,236.44444444444446,>30 days
2026-02-21,F009,GEN_ORZ,645,0,58,Available,3.1785714285714284,202.92134831460675,>30 days
2026-02-21,F009,GEN_PARA,48,0,48,Available,3.4285714285714284,14.0,15–30 days
2026-02-21,F009,HIV_CPT,805,0,50,Available,2.857142857142857,281.75,>30 days
2026-02-21,F009,HIV_TLD,716,0,72,Available,3.107142857142857,230.4367816091954,>30 days
2026-02-21,F009,MAL_ACT_AD,179,0,39,Available,3.75,47.733333333333334,>30 days
2026-02-21,F009,MAL_ACT_PD,481,0,71,Available,4.25,113.17647058823529,>30 days
2026-02-21,F009,MAL_RDT,507,0,72,Available,5.107142857142857,99.27272727272728,>30 days
2026-02-21,F010,C19_AG,642,0,59,Available,2.8214285714285716,227.54430379746833,>30 days
2026-02-21,F010,C19_O2,306,0,27,Available,2.5714285714285716,118.99999999999999,>30 days
2026-02-21,F010,C19_PPE,376,0,30,Available,2.4642857142857144,152.57971014492753,>30 days
2026-02-21,F010,GEN_ORZ,327,0,59,Available,3.2857142857142856,99.52173913043478,>30 days
2026-02-21,F010,GEN_PARA,382,0,65,Available,3.1785714285714284,120.17977528089888,>30 days
2026-02-21,F010,HIV_CPT,839,0,38,Available,2.892857142857143,290.0246913580247,>30 days
2026-02-21,F010,HIV_TLD,798,0,70,Available,3.2142857142857144,248.26666666666665,>30 days
2026-02-21,F010,MAL_ACT_AD,632,0,69,Available,6.25,101.12,>30 days
2026-02-21,F010,MAL_ACT_PD,436,0,49,Available,5.607142857142857,77.7579617834395,>30 days
2026-02-21,F010,MAL_RDT,822,0,44,Available,5.464285714285714,150.4313725490196,>30 days
2026-02-21,F011,C19_AG,1113,0,61,Available,1.4642857142857142,760.0975609756098,>30 days
2026-02-21,F011,C19_O2,800,0,45,Available,1.2857142857142858,622.2222222222222,>30 days
2026-02-21,F011,C19_PPE,1165,0,51,Available,1.5714285714285714,741.3636363636364,>30 days
2026-02-21,F011,GEN_ORZ,526,0,43,Available,2.142857142857143,245.46666666666667,>30 days
2026-02-21,F011,GEN_PARA,663,0,76,Available,2.9642857142857144,223.66265060240963,>30 days
2026-02-21,F011,HIV_CPT,519,0,52,Available,1.75,296.57142857142856,>30 days
2026-02-21,F011,HIV_TLD,367,0,59,Available,1.6071428571428572,228.35555555555555,>30 days
2026-02-21,F011,MAL_ACT_AD,213,0,54,Available,3.0,71.0,>30 days
2026-02-21,F011,MAL_ACT_PD,615,0,62,Available,3.142857142857143,195.6818181818182,>30 days
2026-02-21,F011,MAL_RDT,413,0,69,Available,3.2857142857142856,125.69565217391305,>30 days
2026-02-21,F012,C19_AG,626,0,58,Available,1.3928571428571428,449.43589743589746,>30 days
2026-02-21,F012,C19_O2,737,0,67,Available,1.5,491.3333333333333,>30 days
2026-02-21,F012,C19_PPE,508,0,35,Available,1.75,290.2857142857143,>30 days
2026-02-21,F012,GEN_ORZ,450,0,38,Available,2.4285714285714284,185.29411764705884,>30 days
2026-02-21,F012,GEN_PARA,336,0,31,Available,2.3214285714285716,144.73846153846154,>30 days
2026-02-21,F012,HIV_CPT,332,0,65,Available,2.0,166.0,>30 days
2026-02-21,F012,HIV_TLD,786,0,53,Available,1.6785714285714286,468.25531914893617,>30 days
2026-02-21,F012,MAL_ACT_AD,901,0,76,Available,2.9642857142857144,303.95180722891564,>30 days
2026-02-21,F012,MAL_ACT_PD,205,0,67,Available,3.5714285714285716,57.4,>30 days
2026-02-21,F012,MAL_RDT,914,0,48,Available,3.0714285714285716,297.5813953488372,>30 days
2026-02-21,F013,C19_AG,747,0,63,Available,2.5714285714285716,290.5,>30 days
2026-02-21,F013,C19_O2,874,0,60,Available,2.25,388.44444444444446,>30 days
2026-02-21,F013,C19_PPE,790,0,53,Available,2.75,287.27272727272725,>30 days
2026-02-21,F013,GEN_ORZ,615,0,52,Available,3.5357142857142856,173.93939393939394,>30 days
2026-02-21,F013,GEN_PARA,737,0,66,Available,3.892857142857143,189.3211009174312,>30 days
2026-02-21,F013,HIV_CPT,682,0,77,Available,3.4285714285714284,198.91666666666669,>30 days
2026-02-21,F013,HIV_TLD,395,0,75,Available,3.5,112.85714285714286,>30 days
2026-02-21,F013,MAL_ACT_AD,485,0,34,Available,4.464285714285714,108.64,>30 days
2026-02-21,F013,MAL_ACT_PD,203,0,56,Available,4.035714285714286,50.30088495575222,>30 days
2026-02-21,F013,MAL_RDT,346,0,33,Available,3.7857142857142856,91.39622641509435,>30 days
2026-02-21,F014,C19_AG,677,0,68,Available,2.892857142857143,234.02469135802468,>30 days
2026-02-21,F014,C19_O2,464,0,32,Available,2.25,206.22222222222223,>30 days
2026-02-21,F014,C19_PPE,514,0,47,Available,2.857142857142857,179.9,>30 days
2026-02-21,F014,GEN_ORZ,1294,0,67,Available,3.142857142857143,411.72727272727275,>30 days
2026-02-21,F014,GEN_PARA,510,0,49,Available,3.642857142857143,140.0,>30 days
2026-02-21,F014,HIV_CPT,748,0,39,Available,3.3214285714285716,225.2043010752688,>30 days
2026-02-21,F014,HIV_TLD,581,0,68,Available,2.7857142857142856,208.56410256410257,>30 days
2026-02-21,F014,MAL_ACT_AD,906,0,32,Available,6.071428571428571,149.2235294117647,>30 days
2026-02-21,F014,MAL_ACT_PD,315,0,29,Available,5.785714285714286,54.44444444444444,>30 days
2026-02-21,F014,MAL_RDT,298,0,69,Available,6.0,49.666666666666664,>30 days
2026-02-21,F015,C19_AG,445,0,56,Available,4.5,98.88888888888889,>30 days
2026-02-21,F015,C19_O2,1157,0,44,Available,3.4642857142857144,333.97938144329896,>30 days
2026-02-21,F015,C19_PPE,780,0,78,Available,3.9285714285714284,198.54545454545456,>30 days
2026-02-21,F015,GEN_ORZ,2029,0,26,Available,5.821428571428571,348.5398773006135,>30 days
2026-02-21,F015,GEN_PARA,823,0,65,Available,5.535714285714286,148.6709677419355,>30 days
2026-02-21,F015,HIV_CPT,2016,0,29,Available,4.642857142857143,434.2153846153846,>30 days
2026-02-21,F015,HIV_TLD,1129,0,43,Available,4.464285714285714,252.896,>30 days
2026-02-21,F015,MAL_ACT_AD,704,0,65,Available,12.964285714285714,54.303030303030305,>30 days
2026-02-21,F015,MAL_ACT_PD,593,0,49,Available,13.607142857142858,43.580052493438316,>30 days
2026-02-21,F015,MAL_RDT,521,0,32,Available,12.75,40.86274509803921,>30 days
2026-02-21,F016,C19_AG,1333,0,73,Available,3.1785714285714284,419.37078651685397,>30 days
2026-02-21,F016,C19_O2,697,0,59,Available,3.357142857142857,207.61702127659575,>30 days
2026-02-21,F016,C19_PPE,649,0,48,Available,3.357142857142857,193.31914893617022,>30 days
2026-02-21,F016,GEN_ORZ,1077,0,78,Available,4.785714285714286,225.044776119403,>30 days
2026-02-21,F016,GEN_PARA,1562,0,51,Available,5.464285714285714,285.8562091503268,>30 days
2026-02-21,F016,HIV_CPT,1455,0,72,Available,4.321428571428571,336.6942148760331,>30 days
2026-02-21,F016,HIV_TLD,1038,0,49,Available,4.178571428571429,248.4102564102564,>30 days
2026-02-21,F016,MAL_ACT_AD,645,0,39,Available,8.714285714285714,74.01639344262296,>30 days
2026-02-21,F016,MAL_ACT_PD,959,0,32,Available,9.357142857142858,102.4885496183206,>30 days
2026-02-21,F016,MAL_RDT,1174,0,78,Available,8.892857142857142,132.01606425702812,>30 days
2026-02-21,F017,C19_AG,446,0,36,Available,1.1785714285714286,378.42424242424244,>30 days
2026-02-21,F017,C19_O2,531,0,59,Available,1.3571428571428572,391.2631578947368,>30 days
2026-02-21,F017,C19_PPE,834,0,30,Available,1.0357142857142858,805.2413793103448,>30 days
2026-02-21,F017,GEN_ORZ,547,0,34,Available,2.607142857142857,209.8082191780822,>30 days
2026-02-21,F017,GEN_PARA,249,0,66,Available,2.107142857142857,118.16949152542372,>30 days
2026-02-21,F017,HIV_CPT,320,0,79,Available,1.9642857142857142,162.9090909090909,>30 days
2026-02-21,F017,HIV_TLD,887,0,69,Available,1.3214285714285714,671.2432432432432,>30 days
2026-02-21,F017,MAL_ACT_AD,294,0,76,Available,2.7857142857142856,105.53846153846155,>30 days
2026-02-21,F017,MAL_ACT_PD,1063,0,78,Available,3.3214285714285716,320.04301075268813,>30 days
2026-02-21,F017,MAL_RDT,389,0,68,Available,3.4285714285714284,113.45833333333334,>30 days
2026-02-21,F018,C19_AG,538,0,30,Available,2.0357142857142856,264.280701754386,>30 days
2026-02-21,F018,C19_O2,532,0,64,Available,2.107142857142857,252.47457627118644,>30 days
2026-02-21,F018,C19_PPE,1138,0,26,Available,2.4285714285714284,468.5882352941177,>30 days
2026-02-21,F018,GEN_ORZ,688,0,76,Available,3.5714285714285716,192.64,>30 days
2026-02-21,F018,GEN_PARA,946,0,63,Available,4.178571428571429,226.39316239316238,>30 days
2026-02-21,F018,HIV_CPT,493,0,70,Available,2.9642857142857144,166.3132530120482,>30 days
2026-02-21,F018,HIV_TLD,174,0,79,Available,2.7857142857142856,62.46153846153847,>30 days
2026-02-21,F018,MAL_ACT_AD,0,0,39,Out,9.821428571428571,0.0,<7 days
2026-02-21,F018,MAL_ACT_PD,593,0,63,Available,9.928571428571429,59.72661870503597,>30 days
2026-02-21,F018,MAL_RDT,158,0,28,Available,8.714285714285714,18.13114754098361,15–30 days
2026-02-21,F019,C19_AG,435,0,76,Available,2.0357142857142856,213.6842105263158,>30 days
2026-02-21,F019,C19_O2,1001,0,34,Available,2.5,400.4,>30 days
2026-02-21,F019,C19_PPE,264,0,56,Available,2.0,132.0,>30 days
2026-02-21,F019,GEN_ORZ,292,0,49,Available,2.892857142857143,100.93827160493828,>30 days
2026-02-21,F019,GEN_PARA,466,0,26,Available,3.7857142857142856,123.09433962264151,>30 days
2026-02-21,F019,HIV_CPT,850,0,25,Available,2.892857142857143,293.8271604938272,>30 days
2026-02-21,F019,HIV_TLD,969,0,43,Available,2.7857142857142856,347.84615384615387,>30 days
2026-02-21,F019,MAL_ACT_AD,162,0,32,Available,9.535714285714286,16.988764044943817,15–30 days
2026-02-21,F019,MAL_ACT_PD,176,0,74,Available,8.571428571428571,20.533333333333335,15–30 days
2026-02-21,F019,MAL_RDT,553,0,76,Available,9.785714285714286,56.51094890510949,>30 days
2026-02-21,F020,C19_AG,738,0,50,Available,2.0714285714285716,356.27586206896547,>30 days
2026-02-21,F020,C19_O2,1010,0,62,Available,1.6071428571428572,628.4444444444445,>30 days
2026-02-21,F020,C19_PPE,920,0,40,Available,2.642857142857143,348.1081081081081,>30 days
2026-02-21,F020,GEN_ORZ,842,0,72,Available,3.0357142857142856,277.36470588235295,>30 days
2026-02-21,F020,GEN_PARA,192,0,52,Available,4.107142857142857,46.74782608695653,>30 days
2026-02-21,F020,HIV_CPT,727,0,55,Available,3.5714285714285716,203.56,>30 days
2026-02-21,F020,HIV_TLD,481,0,41,Available,3.642857142857143,132.0392156862745,>30 days
2026-02-21,F020,MAL_ACT_AD,306,0,33,Available,5.821428571428571,52.564417177914116,>30 days
2026-02-21,F020,MAL_ACT_PD,471,0,78,Available,6.25,75.36,>30 days
2026-02-21,F020,MAL_RDT,644,0,68,Available,6.035714285714286,106.69822485207101,>30 days
2026-02-21,F021,C19_AG,474,0,32,Available,2.5,189.6,>30 days
2026-02-21,F021,C19_O2,326,0,75,Available,2.5357142857142856,128.56338028169014,>30 days
2026-02-21,F021,C19_PPE,695,0,25,Available,3.0714285714285716,226.27906976744185,>30 days
2026-02-21,F021,GEN_ORZ,472,0,76,Available,3.0714285714285716,153.67441860465115,>30 days
2026-02-21,F021,GEN_PARA,397,0,70,Available,3.4642857142857144,114.59793814432989,>30 days
2026-02-21,F021,HIV_CPT,487,0,45,Available,2.7142857142857144,179.42105263157893,>30 days
2026-02-21,F021,HIV_TLD,526,0,29,Available,3.0357142857142856,173.27058823529413,>30 days
2026-02-21,F021,MAL_ACT_AD,687,0,70,Available,4.285714285714286,160.3,>30 days
2026-02-21,F021,MAL_ACT_PD,504,0,79,Available,3.9642857142857144,127.13513513513513,>30 days
2026-02-21,F021,MAL_RDT,652,0,61,Available,4.464285714285714,146.048,>30 days
2026-02-21,F022,C19_AG,590,0,35,Available,3.0714285714285716,192.09302325581393,>30 days
2026-02-21,F022,C19_O2,547,0,42,Available,2.2142857142857144,247.03225806451613,>30 days
2026-02-21,F022,C19_PPE,337,0,48,Available,2.5714285714285716,131.05555555555554,>30 days
2026-02-21,F022,GEN_ORZ,984,0,41,Available,3.4285714285714284,287.0,>30 days
2026-02-21,F022,GEN_PARA,678,0,56,Available,3.4285714285714284,197.75,>30 days
2026-02-21,F022,HIV_CPT,945,0,70,Available,3.2142857142857144,294.0,>30 days
2026-02-21,F022,HIV_TLD,123,0,63,Available,3.142857142857143,39.13636363636364,>30 days
2026-02-21,F022,MAL_ACT_AD,634,0,52,Available,5.714285714285714,110.95,>30 days
2026-02-21,F022,MAL_ACT_PD,486,0,71,Available,4.892857142857143,99.32846715328466,>30 days
2026-02-21,F022,MAL_RDT,252,0,76,Available,5.75,43.82608695652174,>30 days
2026-02-21,F023,C19_AG,144,0,28,Available,2.607142857142857,55.23287671232877,>30 days
2026-02-21,F023,C19_O2,559,0,33,Available,2.3214285714285716,240.79999999999998,>30 days
2026-02-21,F023,C19_PPE,672,0,61,Available,2.107142857142857,318.91525423728814,>30 days
2026-02-21,F023,GEN_ORZ,2,0,70,Low,4.035714285714286,0.49557522123893805,<7 days
2026-02-21,F023,GEN_PARA,400,0,59,Available,3.9642857142857144,100.9009009009009,>30 days
2026-02-21,F023,HIV_CPT,428,0,37,Available,2.8214285714285716,151.69620253164555,>30 days
2026-02-21,F023,HIV_TLD,388,0,54,Available,3.2142857142857144,120.71111111111111,>30 days
2026-02-21,F023,MAL_ACT_AD,573,0,31,Available,4.678571428571429,122.47328244274809,>30 days
2026-02-21,F023,MAL_ACT_PD,949,0,53,Available,3.5357142857142856,268.4040404040404,>30 days
2026-02-21,F023,MAL_RDT,524,0,35,Available,4.428571428571429,118.32258064516128,>30 days
2026-02-21,F024,C19_AG,433,0,37,Available,1.9285714285714286,224.5185185185185,>30 days
2026-02-21,F024,C19_O2,703,0,55,Available,2.0,351.5,>30 days
2026-02-21,F024,C19_PPE,441,0,58,Available,1.8928571428571428,232.98113207547172,>30 days
2026-02-21,F024,GEN_ORZ,336,0,34,Available,2.0714285714285716,162.20689655172413,>30 days
2026-02-21,F024,GEN_PARA,970,0,53,Available,2.5357142857142856,382.53521126760563,>30 days
2026-02-21,F024,HIV_CPT,699,0,73,Available,2.0357142857142856,343.3684210526316,>30 days
2026-02-21,F024,HIV_TLD,841,0,36,Available,2.4285714285714284,346.29411764705884,>30 days
2026-02-21,F024,MAL_ACT_AD,445,0,44,Available,7.178571428571429,61.99004975124378,>30 days
2026-02-21,F024,MAL_ACT_PD,419,0,50,Available,6.5,64.46153846153847,>30 days
2026-02-21,F024,MAL_RDT,136,0,34,Available,6.642857142857143,20.473118279569892,15–30 days
2026-02-21,F025,C19_AG,959,0,32,Available,2.857142857142857,335.65,>30 days
2026-02-21,F025,C19_O2,2075,0,73,Available,3.5,592.8571428571429,>30 days
2026-02-21,F025,C19_PPE,1443,0,66,Available,2.7857142857142856,518.0,>30 days
2026-02-21,F025,GEN_ORZ,769,0,28,Available,5.178571428571429,148.49655172413793,>30 days
2026-02-21,F025,GEN_PARA,1304,0,31,Available,5.178571428571429,251.80689655172412,>30 days
2026-02-21,F025,HIV_CPT,1620,0,66,Available,3.9642857142857144,408.64864864864865,>30 days
2026-02-21,F025,HIV_TLD,794,0,59,Available,3.9642857142857144,200.28828828828827,>30 days
2026-02-21,F025,MAL_ACT_AD,1060,0,52,Available,7.178571428571429,147.66169154228857,>30 days
2026-02-21,F025,MAL_ACT_PD,460,0,57,Available,6.464285714285714,71.16022099447514,>30 days
2026-02-21,F025,MAL_RDT,1089,0,26,Available,6.142857142857143,177.27906976744185,>30 days
2026-02-21,F026,C19_AG,639,0,39,Available,2.9285714285714284,218.19512195121953,>30 days
2026-02-21,F026,C19_O2,572,0,62,Available,2.5,228.8,>30 days
2026-02-21,F026,C19_PPE,199,0,45,Available,2.6785714285714284,74.29333333333334,>30 days
2026-02-21,F026,GEN_ORZ,634,0,26,Available,4.214285714285714,150.4406779661017,>30 days
2026-02-21,F026,GEN_PARA,837,0,75,Available,3.2857142857142856,254.73913043478262,>30 days
2026-02-21,F026,HIV_CPT,303,0,74,Available,3.2142857142857144,94.26666666666667,>30 days
2026-02-21,F026,HIV_TLD,686,0,70,Available,2.892857142857143,237.1358024691358,>30 days
2026-02-21,F026,MAL_ACT_AD,697,0,31,Available,4.25,164.0,>30 days
2026-02-21,F026,MAL_ACT_PD,580,0,29,Available,4.0,145.0,>30 days
2026-02-21,F026,MAL_RDT,513,0,51,Available,4.857142857142857,105.61764705882354,>30 days
2026-02-21,F027,C19_AG,650,0,27,Available,2.8214285714285716,230.37974683544303,>30 days
2026-02-21,F027,C19_O2,644,0,26,Available,2.4285714285714284,265.1764705882353,>30 days
2026-02-21,F027,C19_PPE,694,0,34,Available,2.607142857142857,266.1917808219178,>30 days
2026-02-21,F027,GEN_ORZ,565,0,62,Available,3.9285714285714284,143.8181818181818,>30 days
2026-02-21,F027,GEN_PARA,268,0,44,Available,3.357142857142857,79.82978723404256,>30 days
2026-02-21,F027,HIV_CPT,458,0,62,Available,3.25,140.92307692307693,>30 days
2026-02-21,F027,HIV_TLD,541,0,44,Available,2.9642857142857144,182.50602409638554,>30 days
2026-02-21,F027,MAL_ACT_AD,316,0,55,Available,4.0,79.0,>30 days
2026-02-21,F027,MAL_ACT_PD,281,0,60,Available,4.142857142857143,67.82758620689654,>30 days
2026-02-21,F027,MAL_RDT,945,0,44,Available,4.392857142857143,215.12195121951217,>30 days
2026-02-21,F028,C19_AG,724,0,36,Available,2.2857142857142856,316.75,>30 days
2026-02-21,F028,C19_O2,499,0,33,Available,2.6785714285714284,186.29333333333335,>30 days
2026-02-21,F028,C19_PPE,769,0,35,Available,2.3214285714285716,331.2615384615384,>30 days
2026-02-21,F028,GEN_ORZ,588,0,62,Available,3.392857142857143,173.30526315789473,>30 days
2026-02-21,F028,GEN_PARA,792,0,48,Available,3.3214285714285716,238.4516129032258,>30 days
2026-02-21,F028,HIV_CPT,472,0,35,Available,2.3214285714285716,203.3230769230769,>30 days
2026-02-21,F028,HIV_TLD,161,0,61,Available,2.642857142857143,60.91891891891892,>30 days
2026-02-21,F028,MAL_ACT_AD,302,0,31,Available,8.464285714285714,35.67932489451477,>30 days
2026-02-21,F028,MAL_ACT_PD,222,0,56,Available,8.392857142857142,26.451063829787234,15–30 days
2026-02-21,F028,MAL_RDT,223,0,42,Available,9.285714285714286,24.015384615384612,15–30 days
2026-02-21,F029,C19_AG,1075,0,36,Available,1.1785714285714286,912.1212121212121,>30 days
2026-02-21,F029,C19_O2,779,0,56,Available,1.6428571428571428,474.17391304347825,>30 days
2026-02-21,F029,C19_PPE,515,0,68,Available,1.1428571428571428,450.625,>30 days
2026-02-21,F029,GEN_ORZ,595,0,61,Available,2.642857142857143,225.13513513513513,>30 days
2026-02-21,F029,GEN_PARA,584,0,69,Available,2.892857142857143,201.87654320987656,>30 days
2026-02-21,F029,HIV_CPT,503,0,62,Available,1.6071428571428572,312.97777777777776,>30 days
2026-02-21,F029,HIV_TLD,420,0,33,Available,1.6428571428571428,255.6521739130435,>30 days
2026-02-21,F029,MAL_ACT_AD,582,0,27,Available,3.357142857142857,173.36170212765958,>30 days
2026-02-21,F029,MAL_ACT_PD,505,0,28,Available,3.9285714285714284,128.54545454545456,>30 days
2026-02-21,F029,MAL_RDT,713,0,63,Available,3.2142857142857144,221.82222222222222,>30 days
2026-02-21,F030,C19_AG,640,0,74,Available,1.7142857142857142,373.33333333333337,>30 days
2026-02-21,F030,C19_O2,162,0,28,Available,2.142857142857143,75.60000000000001,>30 days
2026-02-21,F030,C19_PPE,740,0,53,Available,1.9642857142857142,376.72727272727275,>30 days
2026-02-21,F030,GEN_ORZ,724,0,39,Available,3.6785714285714284,196.81553398058253,>30 days
2026-02-21,F030,GEN_PARA,621,0,64,Available,3.3214285714285716,186.96774193548387,>30 days
2026-02-21,F030,HIV_CPT,564,0,28,Available,2.7142857142857144,207.78947368421052,>30 days
2026-02-21,F030,HIV_TLD,630,0,62,Available,2.4285714285714284,259.4117647058824,>30 days
2026-02-21,F030,MAL_ACT_AD,45,0,75,Low,9.178571428571429,4.90272373540856,<7 days
2026-02-21,F030,MAL_ACT_PD,226,0,41,Available,9.464285714285714,23.87924528301887,15–30 days
2026-02-21,F030,MAL_RDT,216,0,46,Available,9.535714285714286,22.651685393258425,15–30 days
2026-02-21,F031,C19_AG,973,0,26,Available,1.7142857142857142,567.5833333333334,>30 days
2026-02-21,F031,C19_O2,836,0,62,Available,2.1785714285714284,383.7377049180328,>30 days
2026-02-21,F031,C19_PPE,273,0,43,Available,1.7142857142857142,159.25,>30 days
2026-02-21,F031,GEN_ORZ,665,0,67,Available,2.142857142857143,310.3333333333333,>30 days
2026-02-21,F031,GEN_PARA,239,0,61,Available,2.6785714285714284,89.22666666666667,>30 days
2026-02-21,F031,HIV_CPT,337,0,60,Available,1.6428571428571428,205.13043478260872,>30 days
2026-02-21,F031,HIV_TLD,328,0,30,Available,1.6428571428571428,199.6521739130435,>30 days
2026-02-21,F031,MAL_ACT_AD,124,0,66,Available,6.714285714285714,18.46808510638298,15–30 days
2026-02-21,F031,MAL_ACT_PD,356,0,28,Available,7.464285714285714,47.69377990430622,>30 days
2026-02-21,F031,MAL_RDT,728,0,32,Available,7.642857142857143,95.25233644859813,>30 days
2026-02-21,F032,C19_AG,511,0,73,Available,2.0357142857142856,251.01754385964915,>30 days
2026-02-21,F032,C19_O2,724,0,48,Available,1.9642857142857142,368.5818181818182,>30 days
2026-02-21,F032,C19_PPE,234,0,78,Available,1.9642857142857142,119.12727272727274,>30 days
2026-02-21,F032,GEN_ORZ,637,0,38,Available,2.6785714285714284,237.81333333333336,>30 days
2026-02-21,F032,GEN_PARA,859,0,62,Available,3.4642857142857144,247.95876288659792,>30 days
2026-02-21,F032,HIV_CPT,842,0,52,Available,3.607142857142857,233.4257425742574,>30 days
2026-02-21,F032,HIV_TLD,677,0,25,Available,2.8214285714285716,239.94936708860757,>30 days
2026-02-21,F032,MAL_ACT_AD,1003,0,74,Available,6.25,160.48,>30 days
2026-02-21,F032,MAL_ACT_PD,792,0,34,Available,6.035714285714286,131.2189349112426,>30 days
2026-02-21,F032,MAL_RDT,611,0,69,Available,5.428571428571429,112.55263157894737,>30 days
2026-02-21,F033,C19_AG,317,0,30,Available,2.357142857142857,134.48484848484847,>30 days
2026-02-21,F033,C19_O2,348,0,61,Available,2.0,174.0,>30 days
2026-02-21,F033,C19_PPE,682,0,64,Available,2.4642857142857144,276.7536231884058,>30 days
2026-02-21,F033,GEN_ORZ,392,0,43,Available,2.9285714285714284,133.85365853658539,>30 days
2026-02-21,F033,GEN_PARA,266,0,39,Available,2.9285714285714284,90.82926829268293,>30 days
2026-02-21,F033,HIV_CPT,476,0,76,Available,2.892857142857143,164.54320987654322,>30 days
2026-02-21,F033,HIV_TLD,654,0,36,Available,2.9285714285714284,223.31707317073173,>30 days
2026-02-21,F033,MAL_ACT_AD,582,0,30,Available,5.285714285714286,110.10810810810811,>30 days
2026-02-21,F033,MAL_ACT_PD,75,0,28,Available,6.678571428571429,11.22994652406417,7–14 days
2026-02-21,F033,MAL_RDT,748,0,51,Available,6.0,124.66666666666667,>30 days
2026-02-21,F034,C19_AG,1480,0,78,Available,3.5357142857142856,418.5858585858586,>30 days
2026-02-21,F034,C19_O2,814,0,54,Available,2.5357142857142856,321.01408450704224,>30 days
2026-02-21,F034,C19_PPE,1910,0,62,Available,2.4285714285714284,786.4705882352941,>30 days
2026-02-21,F034,GEN_ORZ,1030,0,36,Available,5.142857142857143,200.27777777777777,>30 days
2026-02-21,F034,GEN_PARA,1235,0,30,Available,4.678571428571429,263.96946564885496,>30 days
2026-02-21,F034,HIV_CPT,2010,0,48,Available,4.035714285714286,498.05309734513276,>30 days
2026-02-21,F034,HIV_TLD,1511,0,52,Available,4.5,335.77777777777777,>30 days
2026-02-21,F034,MAL_ACT_AD,898,0,34,Available,8.071428571428571,111.2566371681416,>30 days
2026-02-21,F034,MAL_ACT_PD,694,0,75,Available,8.428571428571429,82.33898305084746,>30 days
2026-02-21,F034,MAL_RDT,667,0,55,Available,9.178571428571429,72.6692607003891,>30 days
2026-02-21,F035,C19_AG,478,0,64,Available,1.5714285714285714,304.1818181818182,>30 days
2026-02-21,F035,C19_O2,401,0,62,Available,1.8214285714285714,220.15686274509804,>30 days
2026-02-21,F035,C19_PPE,921,0,30,Available,1.7857142857142858,515.76,>30 days
2026-02-21,F035,GEN_ORZ,350,0,38,Available,3.357142857142857,104.25531914893617,>30 days
2026-02-21,F035,GEN_PARA,502,0,58,Available,3.3214285714285716,151.13978494623655,>30 days
2026-02-21,F035,HIV_CPT,639,0,33,Available,2.6785714285714284,238.56000000000003,>30 days
2026-02-21,F035,HIV_TLD,912,0,49,Available,2.0,456.0,>30 days
2026-02-21,F035,MAL_ACT_AD,481,0,60,Available,4.607142857142857,104.4031007751938,>30 days
2026-02-21,F035,MAL_ACT_PD,350,0,31,Available,4.785714285714286,73.13432835820896,>30 days
2026-02-21,F035,MAL_RDT,575,0,30,Available,3.357142857142857,171.27659574468086,>30 days
2026-02-21,F036,C19_AG,274,0,61,Available,2.25,121.77777777777777,>30 days
2026-02-21,F036,C19_O2,938,0,67,Available,2.4642857142857144,380.63768115942025,>30 days
2026-02-21,F036,C19_PPE,620,0,66,Available,1.9642857142857142,315.6363636363636,>30 days
2026-02-21,F036,GEN_ORZ,936,0,30,Available,3.5714285714285716,262.08,>30 days
2026-02-21,F036,GEN_PARA,775,0,50,Available,3.9285714285714284,197.27272727272728,>30 days
2026-02-21,F036,HIV_CPT,808,0,49,Available,2.5,323.2,>30 days
2026-02-21,F036,HIV_TLD,81,0,32,Available,2.5,32.4,>30 days
2026-02-21,F036,MAL_ACT_AD,82,0,60,Available,10.0,8.2,7–14 days
2026-02-21,F036,MAL_ACT_PD,524,0,42,Available,8.75,59.885714285714286,>30 days
2026-02-21,F036,MAL_RDT,229,0,49,Available,9.035714285714286,25.34387351778656,15–30 days
2026-02-21,F037,C19_AG,574,0,52,Available,1.7142857142857142,334.83333333333337,>30 days
2026-02-21,F037,C19_O2,831,0,53,Available,1.6785714285714286,495.06382978723406,>30 days
2026-02-21,F037,C19_PPE,388,0,42,Available,1.3928571428571428,278.5641025641026,>30 days
2026-02-21,F037,GEN_ORZ,1055,0,57,Available,3.392857142857143,310.94736842105266,>30 days
2026-02-21,F037,GEN_PARA,567,0,40,Available,3.6785714285714284,154.1359223300971,>30 days
2026-02-21,F037,HIV_CPT,917,0,75,Available,2.392857142857143,383.22388059701495,>30 days
2026-02-21,F037,HIV_TLD,715,0,51,Available,2.5357142857142856,281.9718309859155,>30 days
2026-02-21,F037,MAL_ACT_AD,131,0,31,Available,4.642857142857143,28.215384615384615,15–30 days
2026-02-21,F037,MAL_ACT_PD,838,0,51,Available,4.142857142857143,202.2758620689655,>30 days
2026-02-21,F037,MAL_RDT,650,0,66,Available,4.464285714285714,145.6,>30 days
2026-02-21,F038,C19_AG,644,0,43,Available,1.8214285714285714,353.5686274509804,>30 days
2026-02-21,F038,C19_O2,369,0,27,Available,1.3571428571428572,271.89473684210526,>30 days
2026-02-21,F038,C19_PPE,1297,0,31,Available,1.7142857142857142,756.5833333333334,>30 days
2026-02-21,F038,GEN_ORZ,676,0,37,Available,3.857142857142857,175.25925925925927,>30 days
2026-02-21,F038,GEN_PARA,691,0,55,Available,3.4285714285714284,201.54166666666669,>30 days
2026-02-21,F038,HIV_CPT,643,0,58,Available,2.7857142857142856,230.82051282051282,>30 days
2026-02-21,F038,HIV_TLD,677,0,66,Available,2.642857142857143,256.1621621621622,>30 days
2026-02-21,F038,MAL_ACT_AD,590,0,59,Available,4.25,138.8235294117647,>30 days
2026-02-21,F038,MAL_ACT_PD,628,0,25,Available,4.464285714285714,140.672,>30 days
2026-02-21,F038,MAL_RDT,240,0,52,Available,3.892857142857143,61.65137614678899,>30 days
2026-02-21,F039,C19_AG,806,0,79,Available,2.1785714285714284,369.96721311475414,>30 days
2026-02-21,F039,C19_O2,542,0,59,Available,2.357142857142857,229.93939393939394,>30 days
2026-02-21,F039,C19_PPE,272,0,47,Available,3.0357142857142856,89.60000000000001,>30 days
2026-02-21,F039,GEN_ORZ,306,0,32,Available,3.607142857142857,84.83168316831683,>30 days
2026-02-21,F039,GEN_PARA,911,0,43,Available,3.5714285714285716,255.07999999999998,>30 days
2026-02-21,F039,HIV_CPT,946,0,59,Available,3.5,270.2857142857143,>30 days
2026-02-21,F039,HIV_TLD,444,0,51,Available,2.9285714285714284,151.609756097561,>30 days
2026-02-21,F039,MAL_ACT_AD,17,0,73,Low,8.928571428571429,1.904,<7 days
2026-02-21,F039,MAL_ACT_PD,256,0,27,Available,8.571428571428571,29.866666666666667,15–30 days
2026-02-21,F039,MAL_RDT,91,0,46,Available,9.464285714285714,9.615094339622642,7–14 days
2026-02-21,F040,C19_AG,517,0,44,Available,2.0,258.5,>30 days
2026-02-21,F040,C19_O2,814,0,38,Available,2.2857142857142856,356.125,>30 days
2026-02-21,F040,C19_PPE,730,0,54,Available,2.5714285714285716,283.88888888888886,>30 days
2026-02-21,F040,GEN_ORZ,475,0,49,Available,2.9642857142857144,160.24096385542168,>30 days
2026-02-21,F040,GEN_PARA,894,0,72,Available,3.107142857142857,287.7241379310345,>30 days
2026-02-21,F040,HIV_CPT,484,0,55,Available,2.9285714285714284,165.26829268292684,>30 days
2026-02-21,F040,HIV_TLD,590,0,60,Available,3.4285714285714284,172.08333333333334,>30 days
2026-02-21,F040,MAL_ACT_AD,630,0,55,Available,3.9642857142857144,158.9189189189189,>30 days
2026-02-21,F040,MAL_ACT_PD,501,0,37,Available,4.821428571428571,103.91111111111111,>30 days
2026-02-21,F040,MAL_RDT,445,0,57,Available,4.25,104.70588235294117,>30 days
2026-02-21,F041,C19_AG,571,0,79,Available,2.2142857142857144,257.8709677419355,>30 days
2026-02-21,F041,C19_O2,536,0,60,Available,2.3214285714285716,230.89230769230767,>30 days
2026-02-21,F041,C19_PPE,435,0,61,Available,2.25,193.33333333333334,>30 days
2026-02-21,F041,GEN_ORZ,1089,0,70,Available,3.5,311.14285714285717,>30 days
2026-02-21,F041,GEN_PARA,324,0,25,Available,3.6785714285714284,88.07766990291263,>30 days
2026-02-21,F041,HIV_CPT,1171,0,47,Available,3.3214285714285716,352.55913978494624,>30 days
2026-02-21,F041,HIV_TLD,547,0,63,Available,3.25,168.30769230769232,>30 days
2026-02-21,F041,MAL_ACT_AD,187,0,33,Available,6.107142857142857,30.619883040935676,>30 days
2026-02-21,F041,MAL_ACT_PD,406,0,77,Available,6.25,64.96,>30 days
2026-02-21,F041,MAL_RDT,137,0,64,Available,5.785714285714286,23.679012345679013,15–30 days
2026-02-21,F042,C19_AG,636,0,74,Available,1.75,363.42857142857144,>30 days
2026-02-21,F042,C19_O2,282,0,70,Available,2.0,141.0,>30 days
2026-02-21,F042,C19_PPE,491,0,79,Available,1.8928571428571428,259.39622641509436,>30 days
2026-02-21,F042,GEN_ORZ,677,0,54,Available,3.7857142857142856,178.83018867924528,>30 days
2026-02-21,F042,GEN_PARA,290,0,71,Available,3.4285714285714284,84.58333333333334,>30 days
2026-02-21,F042,HIV_CPT,269,0,35,Available,2.5357142857142856,106.08450704225352,>30 days
2026-02-21,F042,HIV_TLD,528,0,25,Available,2.357142857142857,224.0,>30 days
2026-02-21,F042,MAL_ACT_AD,828,0,32,Available,4.607142857142857,179.72093023255815,>30 days
2026-02-21,F042,MAL_ACT_PD,312,0,58,Available,3.892857142857143,80.14678899082568,>30 days
2026-02-21,F042,MAL_RDT,23,0,76,Low,4.714285714285714,4.878787878787879,<7 days
2026-02-21,F043,C19_AG,928,0,44,Available,2.857142857142857,324.8,>30 days
2026-02-21,F043,C19_O2,799,0,75,Available,2.7142857142857144,294.36842105263156,>30 days
2026-02-21,F043,C19_PPE,182,0,43,Available,2.5357142857142856,71.77464788732395,>30 days
2026-02-21,F043,GEN_ORZ,480,0,49,Available,4.178571428571429,114.87179487179486,>30 days
2026-02-21,F043,GEN_PARA,538,0,61,Available,3.6785714285714284,146.25242718446603,>30 days
2026-02-21,F043,HIV_CPT,743,0,54,Available,3.1785714285714284,233.75280898876406,>30 days
2026-02-21,F043,HIV_TLD,499,0,28,Available,3.2142857142857144,155.24444444444444,>30 days
2026-02-21,F043,MAL_ACT_AD,488,0,38,Available,5.464285714285714,89.30718954248366,>30 days
2026-02-21,F043,MAL_ACT_PD,222,0,34,Available,5.25,42.285714285714285,>30 days
2026-02-21,F043,MAL_RDT,146,0,38,Available,6.5,22.46153846153846,15–30 days
2026-02-21,F044,C19_AG,808,0,61,Available,2.392857142857143,337.6716417910448,>30 days
2026-02-21,F044,C19_O2,285,0,34,Available,2.25,126.66666666666667,>30 days
2026-02-21,F044,C19_PPE,776,0,37,Available,2.25,344.8888888888889,>30 days
2026-02-21,F044,GEN_ORZ,519,0,33,Available,3.357142857142857,154.59574468085106,>30 days
2026-02-21,F044,GEN_PARA,587,0,73,Available,3.5357142857142856,166.02020202020202,>30 days
2026-02-21,F044,HIV_CPT,480,0,42,Available,2.857142857142857,168.0,>30 days
2026-02-21,F044,HIV_TLD,758,0,55,Available,2.9642857142857144,255.71084337349396,>30 days
2026-02-21,F044,MAL_ACT_AD,591,0,48,Available,6.142857142857143,96.20930232558139,>30 days
2026-02-21,F044,MAL_ACT_PD,390,0,61,Available,6.0,65.0,>30 days
2026-02-21,F044,MAL_RDT,300,0,64,Available,6.285714285714286,47.72727272727273,>30 days
2026-02-21,F045,C19_AG,583,0,29,Available,1.6428571428571428,354.8695652173913,>30 days
2026-02-21,F045,C19_O2,417,0,59,Available,1.7857142857142858,233.51999999999998,>30 days
2026-02-21,F045,C19_PPE,916,0,60,Available,1.9285714285714286,474.96296296296293,>30 days
2026-02-21,F045,GEN_ORZ,504,0,51,Available,3.5714285714285716,141.12,>30 days
2026-02-21,F045,GEN_PARA,709,0,75,Available,3.5,202.57142857142858,>30 days
2026-02-21,F045,HIV_CPT,757,0,63,Available,2.8214285714285716,268.3037974683544,>30 days
2026-02-21,F045,HIV_TLD,749,0,42,Available,2.4642857142857144,303.94202898550725,>30 days
2026-02-21,F045,MAL_ACT_AD,246,0,54,Available,4.285714285714286,57.4,>30 days
2026-02-21,F045,MAL_ACT_PD,788,0,31,Available,5.071428571428571,155.38028169014086,>30 days
2026-02-21,F045,MAL_RDT,393,0,27,Available,3.9642857142857144,99.13513513513513,>30 days
2026-02-21,F046,C19_AG,693,0,34,Available,1.6785714285714286,412.8510638297872,>30 days
2026-02-21,F046,C19_O2,703,0,38,Available,1.8214285714285714,385.96078431372547,>30 days
2026-02-21,F046,C19_PPE,691,0,50,Available,1.6428571428571428,420.60869565217394,>30 days
2026-02-21,F046,GEN_ORZ,273,0,57,Available,3.25,84.0,>30 days
2026-02-21,F046,GEN_PARA,835,0,51,Available,3.357142857142857,248.72340425531914,>30 days
2026-02-21,F046,HIV_CPT,765,0,43,Available,2.5714285714285716,297.5,>30 days
2026-02-21,F046,HIV_TLD,395,0,50,Available,2.5,158.0,>30 days
2026-02-21,F046,MAL_ACT_AD,571,0,38,Available,4.142857142857143,137.82758620689654,>30 days
2026-02-21,F046,MAL_ACT_PD,146,0,31,Available,4.714285714285714,30.96969696969697,>30 days
2026-02-21,F046,MAL_RDT,311,0,71,Available,4.035714285714286,77.06194690265487,>30 days
2026-02-21,F047,C19_AG,1789,0,46,Available,3.357142857142857,532.8936170212766,>30 days
2026-02-21,F047,C19_O2,1287,0,52,Available,4.285714285714286,300.3,>30 days
2026-02-21,F047,C19_PPE,951,0,50,Available,4.428571428571429,214.74193548387095,>30 days
2026-02-21,F047,GEN_ORZ,1129,0,65,Available,5.035714285714286,224.19858156028369,>30 days
2026-02-21,F047,GEN_PARA,823,0,55,Available,4.642857142857143,177.26153846153844,>30 days
2026-02-21,F047,HIV_CPT,773,0,69,Available,4.357142857142857,177.40983606557378,>30 days
2026-02-21,F047,HIV_TLD,1732,0,70,Available,5.035714285714286,343.9432624113475,>30 days
2026-02-21,F047,MAL_ACT_AD,336,0,76,Available,14.321428571428571,23.461346633416458,15–30 days
2026-02-21,F047,MAL_ACT_PD,965,0,67,Available,13.25,72.83018867924528,>30 days
2026-02-21,F047,MAL_RDT,372,0,25,Available,12.892857142857142,28.85318559556787,15–30 days
2026-02-21,F048,C19_AG,487,0,61,Available,2.5714285714285716,189.38888888888889,>30 days
2026-02-21,F048,C19_O2,1446,0,44,Available,2.5357142857142856,570.2535211267606,>30 days
2026-02-21,F048,C19_PPE,1390,0,79,Available,3.0,463.3333333333333,>30 days
2026-02-21,F048,GEN_ORZ,901,0,26,Available,4.321428571428571,208.49586776859505,>30 days
2026-02-21,F048,GEN_PARA,2072,0,56,Available,5.071428571428571,408.5633802816902,>30 days
2026-02-21,F048,HIV_CPT,1340,0,45,Available,3.607142857142857,371.48514851485146,>30 days
2026-02-21,F048,HIV_TLD,1094,0,62,Available,4.142857142857143,264.06896551724134,>30 days
2026-02-21,F048,MAL_ACT_AD,0,0,38,Out,6.464285714285714,0.0,<7 days
2026-02-21,F048,MAL_ACT_PD,997,0,47,Available,7.035714285714286,141.7055837563452,>30 days
2026-02-21,F048,MAL_RDT,726,0,73,Available,6.392857142857143,113.56424581005587,>30 days
2026-02-21,F049,C19_AG,757,0,74,Available,1.0714285714285714,706.5333333333333,>30 days
2026-02-21,F049,C19_O2,508,0,34,Available,1.7142857142857142,296.33333333333337,>30 days
2026-02-21,F049,C19_PPE,763,0,49,Available,1.4642857142857142,521.0731707317074,>30 days
2026-02-21,F049,GEN_ORZ,930,0,26,Available,2.1785714285714284,426.8852459016394,>30 days
2026-02-21,F049,GEN_PARA,652,0,69,Available,2.4285714285714284,268.47058823529414,>30 days
2026-02-21,F049,HIV_CPT,496,0,43,Available,1.75,283.42857142857144,>30 days
2026-02-21,F049,HIV_TLD,761,0,78,Available,1.8214285714285714,417.80392156862746,>30 days
2026-02-21,F049,MAL_ACT_AD,650,0,58,Available,3.2857142857142856,197.82608695652175,>30 days
2026-02-21,F049,MAL_ACT_PD,260,0,66,Available,3.857142857142857,67.4074074074074,>30 days
2026-02-21,F049,MAL_RDT,849,0,48,Available,2.7857142857142856,304.7692307692308,>30 days
2026-02-21,F050,C19_AG,744,0,60,Available,1.3214285714285714,563.0270270270271,>30 days
2026-02-21,F050,C19_O2,330,0,27,Available,1.4285714285714286,231.0,>30 days
2026-02-21,F050,C19_PPE,225,0,44,Available,1.6428571428571428,136.95652173913044,>30 days
2026-02-21,F050,GEN_ORZ,410,0,72,Available,2.642857142857143,155.13513513513513,>30 days
2026-02-21,F050,GEN_PARA,822,0,73,Available,2.642857142857143,311.02702702702703,>30 days
2026-02-21,F050,HIV_CPT,262,0,64,Available,2.2857142857142856,114.625,>30 days
2026-02-21,F050,HIV_TLD,819,0,71,Available,2.0714285714285716,395.37931034482756,>30 days
2026-02-21,F050,MAL_ACT_AD,521,0,70,Available,3.357142857142857,155.1914893617021,>30 days
2026-02-21,F050,MAL_ACT_PD,613,0,61,Available,3.5357142857142856,173.37373737373738,>30 days
2026-02-21,F050,MAL_RDT,847,0,67,Available,3.607142857142857,234.8118811881188,>30 days
2026-02-21,F051,C19_AG,801,0,26,Available,2.5714285714285716,311.5,>30 days
2026-02-21,F051,C19_O2,459,0,60,Available,1.7857142857142858,257.03999999999996,>30 days
2026-02-21,F051,C19_PPE,1085,0,59,Available,1.5357142857142858,706.5116279069767,>30 days
2026-02-21,F051,GEN_ORZ,218,0,65,Available,3.2142857142857144,67.82222222222222,>30 days
2026-02-21,F051,GEN_PARA,423,0,50,Available,3.642857142857143,116.11764705882354,>30 days
2026-02-21,F051,HIV_CPT,1325,0,67,Available,2.9285714285714284,452.43902439024396,>30 days
2026-02-21,F051,HIV_TLD,881,0,43,Available,3.2142857142857144,274.0888888888889,>30 days
2026-02-21,F051,MAL_ACT_AD,189,0,62,Available,6.392857142857143,29.564245810055866,15–30 days
2026-02-21,F051,MAL_ACT_PD,4,0,71,Low,5.821428571428571,0.6871165644171779,<7 days
2026-02-21,F051,MAL_RDT,696,0,62,Available,6.571428571428571,105.91304347826087,>30 days
2026-02-21,F052,C19_AG,252,0,61,Available,2.1785714285714284,115.672131147541,>30 days
2026-02-21,F052,C19_O2,692,0,52,Available,2.0714285714285716,334.06896551724134,>30 days
2026-02-21,F052,C19_PPE,454,0,57,Available,2.5714285714285716,176.55555555555554,>30 days
2026-02-21,F052,GEN_ORZ,684,0,70,Available,3.6785714285714284,185.94174757281553,>30 days
2026-02-21,F052,GEN_PARA,542,0,76,Available,3.5357142857142856,153.2929292929293,>30 days
2026-02-21,F052,HIV_CPT,739,0,47,Available,3.4642857142857144,213.31958762886597,>30 days
2026-02-21,F052,HIV_TLD,810,0,61,Available,3.2142857142857144,252.0,>30 days
2026-02-21,F052,MAL_ACT_AD,514,0,42,Available,4.178571428571429,123.008547008547,>30 days
2026-02-21,F052,MAL_ACT_PD,589,0,60,Available,3.7142857142857144,158.57692307692307,>30 days
2026-02-21,F052,MAL_RDT,188,0,66,Available,3.7857142857142856,49.66037735849057,>30 days
2026-02-21,F053,C19_AG,485,0,69,Available,2.107142857142857,230.16949152542372,>30 days
2026-02-21,F053,C19_O2,647,0,79,Available,1.9285714285714286,335.48148148148147,>30 days
2026-02-21,F053,C19_PPE,417,0,59,Available,1.9642857142857142,212.2909090909091,>30 days
2026-02-21,F053,GEN_ORZ,205,0,74,Available,3.0,68.33333333333333,>30 days
2026-02-21,F053,GEN_PARA,917,0,48,Available,3.4285714285714284,267.45833333333337,>30 days
2026-02-21,F053,HIV_CPT,276,0,45,Available,3.0,92.0,>30 days
2026-02-21,F053,HIV_TLD,857,0,52,Available,2.75,311.6363636363636,>30 days
2026-02-21,F053,MAL_ACT_AD,504,0,35,Available,5.678571428571429,88.75471698113208,>30 days
2026-02-21,F053,MAL_ACT_PD,414,0,45,Available,6.0,69.0,>30 days
2026-02-21,F053,MAL_RDT,184,0,66,Available,6.071428571428571,30.30588235294118,>30 days
2026-02-21,F054,C19_AG,1068,0,43,Available,3.25,328.61538461538464,>30 days
2026-02-21,F054,C19_O2,687,0,38,Available,3.2857142857142856,209.08695652173913,>30 days
2026-02-21,F054,C19_PPE,1994,0,47,Available,2.357142857142857,845.9393939393939,>30 days
2026-02-21,F054,GEN_ORZ,61,0,38,Available,4.5,13.555555555555555,7–14 days
2026-02-21,F054,GEN_PARA,1545,0,35,Available,5.178571428571429,298.34482758620686,>30 days
2026-02-21,F054,HIV_CPT,1755,0,38,Available,3.357142857142857,522.7659574468086,>30 days
2026-02-21,F054,HIV_TLD,1604,0,53,Available,4.178571428571429,383.86324786324786,>30 days
2026-02-21,F054,MAL_ACT_AD,0,0,59,Out,6.392857142857143,0.0,<7 days
2026-02-21,F054,MAL_ACT_PD,1593,0,75,Available,6.464285714285714,246.43093922651934,>30 days
2026-02-21,F054,MAL_RDT,703,0,29,Available,6.357142857142857,110.58426966292136,>30 days
2026-02-21,F055,C19_AG,1277,0,42,Available,3.25,392.9230769230769,>30 days
2026-02-21,F055,C19_O2,2123,0,79,Available,3.0,707.6666666666666,>30 days
2026-02-21,F055,C19_PPE,1253,0,78,Available,3.5714285714285716,350.84,>30 days
2026-02-21,F055,GEN_ORZ,512,0,79,Available,4.928571428571429,103.88405797101449,>30 days
2026-02-21,F055,GEN_PARA,907,0,51,Available,4.964285714285714,182.70503597122303,>30 days
2026-02-21,F055,HIV_CPT,1852,0,25,Available,4.321428571428571,428.5619834710744,>30 days
2026-02-21,F055,HIV_TLD,1102,0,53,Available,3.142857142857143,350.6363636363636,>30 days
2026-02-21,F055,MAL_ACT_AD,586,0,73,Available,15.178571428571429,38.607058823529414,>30 days
2026-02-21,F055,MAL_ACT_PD,537,0,53,Available,14.357142857142858,37.40298507462686,>30 days
2026-02-21,F055,MAL_RDT,660,0,60,Available,13.142857142857142,50.21739130434783,>30 days
2026-02-21,F056,C19_AG,566,0,62,Available,2.0357142857142856,278.03508771929825,>30 days
2026-02-21,F056,C19_O2,320,0,75,Available,2.2142857142857144,144.51612903225805,>30 days
2026-02-21,F056,C19_PPE,757,0,72,Available,1.8928571428571428,399.9245283018868,>30 days
2026-02-21,F056,GEN_ORZ,792,0,77,Available,3.5357142857142856,224.0,>30 days
2026-02-21,F056,GEN_PARA,463,0,70,Available,3.2857142857142856,140.91304347826087,>30 days
2026-02-21,F056,HIV_CPT,601,0,39,Available,2.2857142857142856,262.9375,>30 days
2026-02-21,F056,HIV_TLD,846,0,65,Available,2.142857142857143,394.8,>30 days
2026-02-21,F056,MAL_ACT_AD,0,0,45,Out,8.892857142857142,0.0,<7 days
2026-02-21,F056,MAL_ACT_PD,551,0,37,Available,8.571428571428571,64.28333333333333,>30 days
2026-02-21,F056,MAL_RDT,555,0,33,Available,8.678571428571429,63.95061728395061,>30 days
2026-02-21,F057,C19_AG,855,0,41,Available,1.2857142857142858,665.0,>30 days
2026-02-21,F057,C19_O2,591,0,57,Available,1.1428571428571428,517.125,>30 days
2026-02-21,F057,C19_PPE,714,0,35,Available,1.2142857142857142,588.0,>30 days
2026-02-21,F057,GEN_ORZ,575,0,64,Available,2.7857142857142856,206.4102564102564,>30 days
2026-02-21,F057,GEN_PARA,447,0,63,Available,2.642857142857143,169.13513513513513,>30 days
2026-02-21,F057,HIV_CPT,1047,0,48,Available,1.9285714285714286,542.8888888888889,>30 days
2026-02-21,F057,HIV_TLD,802,0,65,Available,2.1785714285714284,368.13114754098365,>30 days
2026-02-21,F057,MAL_ACT_AD,362,0,45,Available,3.5,103.42857142857143,>30 days
2026-02-21,F057,MAL_ACT_PD,477,0,45,Available,3.1785714285714284,150.06741573033707,>30 days
2026-02-21,F057,MAL_RDT,0,0,25,Out,3.107142857142857,0.0,<7 days
2026-02-21,F058,C19_AG,982,0,25,Available,2.107142857142857,466.03389830508473,>30 days
2026-02-21,F058,C19_O2,527,0,72,Available,2.4285714285714284,217.00000000000003,>30 days
2026-02-21,F058,C19_PPE,362,0,68,Available,2.4642857142857144,146.8985507246377,>30 days
2026-02-21,F058,GEN_ORZ,693,0,53,Available,3.7142857142857144,186.57692307692307,>30 days
2026-02-21,F058,GEN_PARA,377,0,46,Available,3.357142857142857,112.29787234042553,>30 days
2026-02-21,F058,HIV_CPT,410,0,45,Available,3.142857142857143,130.45454545454547,>30 days
2026-02-21,F058,HIV_TLD,522,0,60,Available,3.2857142857142856,158.8695652173913,>30 days
2026-02-21,F058,MAL_ACT_AD,381,0,57,Available,3.857142857142857,98.77777777777777,>30 days
2026-02-21,F058,MAL_ACT_PD,351,0,26,Available,4.178571428571429,84.0,>30 days
2026-02-21,F058,MAL_RDT,215,0,49,Available,4.071428571428571,52.80701754385965,>30 days
2026-02-21,F059,C19_AG,712,0,32,Available,2.2142857142857144,321.54838709677415,>30 days
2026-02-21,F059,C19_O2,593,0,55,Available,2.75,215.63636363636363,>30 days
2026-02-21,F059,C19_PPE,351,0,30,Available,2.5714285714285716,136.5,>30 days
2026-02-21,F059,GEN_ORZ,779,0,76,Available,2.9642857142857144,262.79518072289153,>30 days
2026-02-21,F059,GEN_PARA,643,0,59,Available,4.035714285714286,159.3274336283186,>30 days
2026-02-21,F059,HIV_CPT,538,0,47,Available,3.0714285714285716,175.1627906976744,>30 days
2026-02-21,F059,HIV_TLD,1425,0,71,Available,3.0714285714285716,463.953488372093,>30 days
2026-02-21,F059,MAL_ACT_AD,330,0,50,Available,9.535714285714286,34.6067415730337,>30 days
2026-02-21,F059,MAL_ACT_PD,62,0,70,Low,9.607142857142858,6.453531598513011,<7 days
2026-02-21,F059,MAL_RDT,668,0,33,Available,9.964285714285714,67.0394265232975,>30 days
2026-02-21,F060,C19_AG,527,0,73,Available,2.142857142857143,245.93333333333334,>30 days
2026-02-21,F060,C19_O2,593,0,44,Available,2.142857142857143,276.73333333333335,>30 days
2026-02-21,F060,C19_PPE,866,0,70,Available,2.4642857142857144,351.42028985507244,>30 days
2026-02-21,F060,GEN_ORZ,407,0,63,Available,3.0,135.66666666666666,>30 days
2026-02-21,F060,GEN_PARA,303,0,37,Available,3.642857142857143,83.17647058823529,>30 days
2026-02-21,F060,HIV_CPT,534,0,48,Available,3.0357142857142856,175.90588235294118,>30 days
2026-02-21,F060,HIV_TLD,493,0,34,Available,3.0,164.33333333333334,>30 days
2026-02-21,F060,MAL_ACT_AD,874,0,67,Available,4.0,218.5,>30 days
2026-02-21,F060,MAL_ACT_PD,302,0,72,Available,4.5,67.11111111111111,>30 days
2026-02-21,F060,MAL_RDT,715,0,33,Available,4.535714285714286,157.63779527559055,>30 days
